project_id,user_id,project_name,project_description,project_image_url
,1,pdmproject,案件概要 当社は、長年の歴史を持つ文具メーカーとして、物理的な製品の価値を超えた新たな体験を市場に提供することを目指しています。今回のプロジェクトでは、スマート文具や文具管理アプリなど、デジタルとアナログを融合した「次世代文具プラットフォーム」を構築するプロダクトマネージャー（PdM）を募集します。 PdMとして、エンジニアやデザイナーと密接に連携しながら、プロダクトの全体設計、優先順位付け、開発プロセスの進行をリードしていただきます。特に、技術的な背景を理解し、エンジニアリング視点を持ってプロジェクトを推進できる方を歓迎します。 要件 ターゲット顧客層: 学生、クリエイター、オフィスワーカー プロジェクト内容: 次世代文具プラットフォーム（例: スマートペンと連携するデジタルノート、文具管理アプリ）の企画・設計 顧客課題のヒアリングと市場調査を基にしたプロダクト戦略の立案 エンジニア、デザイナー、マーケティングチームとの連携によるプロダクトの具体化 開発プロセスにおける課題の抽出と優先順位付けの調整 技術チームとのコミュニケーションを通じたリスク管理と迅速な意思決定 リリース後のデータ分析や改善案の策定 必要なスキル・経験 プロダクトマネージャーとしての実務経験（最低3年以上） エンジニアリングに対する基本的な理解（例: API、クラウドサービスの仕組み、ソフトウェア開発プロセスなど） チーム間の調整力と優れたコミュニケーションスキル 顧客志向の課題解決力とプロダクトの価値を最大化する視点 データ分析やユーザーリサーチの経験（Google Analytics、ユーザーテストなどのツールを用いた分析含む） 歓迎スキル・経験（必須ではありません） 過去にプログラミングやエンジニアリングに関わった経験（趣味レベルや短期でも可） UI/UX設計やデザインプロセスへの関与経験 デジタル製品や文具業界に関する興味・知識 使用ツール/環境 プロジェクト管理: Jira、Confluence コミュニケーション: Slack、Google Workspace データ分析: Google Analytics、Tableau デザインツール: Figma、Adobe XD 想定使用言語: フロントエンド: React、Next.js バックエンド: Python（FastAPI）,https://pixabay.com/ja/photos/%E3%83%87%E3%82%B9%E3%82%AF%E3%83%88%E3%83%83%E3%83%97-%E3%83%A9%E3%83%83%E3%83%97%E3%83%88%E3%83%83%E3%83%97-1985856/
,2,salesproject,"案件概要
当社は、法人向けクラウドソリューションの提供を通じて、顧客企業の業務効率化やコスト削減を支援しているIT企業です。この度、営業チームを強化し、より多くの企業に当社のソリューションを届けるために、提案型営業リーダーを募集します。
営業リーダーとして、新規顧客の開拓から既存顧客の深耕、さらに営業戦略の立案やチームのマネジメントまで、幅広い業務をお任せします。特に、顧客の課題を深く理解し、それに応じた最適な解決策を提案できる方を歓迎します。

要件
ターゲット顧客層
中小企業、大企業（業種問わず）
プロジェクト内容
* 法人向けクラウドソリューション（例: SaaSプロダクト、業務自動化ツール）の営業戦略立案と実行
* 新規顧客の開拓および既存顧客の課題解決を目的としたソリューション提案
* 営業活動のデータ分析（例: CRMツール活用）を基にした営業プロセスの最適化
* 営業チームのマネジメントとメンバー育成
* 提案資料の作成およびプレゼンテーションの実施
* 顧客ニーズを反映したプロダクト改善案の提案（開発チームとの連携を含む）

必要なスキル・経験
* 法人営業の実務経験（最低3年以上）
* 提案型営業の実績（顧客課題の分析、解決策の提案、成約実績を含む）
* 営業戦略の立案およびチームマネジメントの経験
* CRMツールを活用したデータ分析のスキル（例: Salesforce、HubSpotなど）
* 優れたコミュニケーションスキルと顧客関係構築力

歓迎スキル・経験（必須ではありません）
* SaaSプロダクトの営業経験
* プレゼンテーション資料作成のスキル（例: PowerPoint、Canvaなど）
* マーケティングチームや開発チームとの連携経験
* IT業界の基礎知識（例: クラウドサービス、APIの基本理解）

使用ツール/環境
* 営業管理: Salesforce、HubSpot
* コミュニケーション: Slack、Google Workspace
* データ分析: Tableau、Google Analytics
* 資料作成: PowerPoint、Canva",https://pixabay.com/ja/illustrations/%E7%A4%BE%E4%BA%A4-%E3%82%B3%E3%83%9F%E3%83%A5%E3%83%8B%E3%82%B1%E3%83%BC%E3%82%B7%E3%83%A7%E3%83%B3-1319757/
