skill_id,user_id,skill_name,skill_description
1,1,PdM(technology),"名前: 町中一郎
業界経験: 小売業界向けプロダクト開発、データ分析プロジェクト推進
スキル:
プロダクトマネジメント:

大手小売業界向けプロダクトの企画、開発、運用を5年間担当。
合計10以上のプロジェクトを成功に導き、顧客満足度を大幅に向上。
ユーザーリサーチと市場分析:

ユーザーインタビューを通じて、潜在的なニーズを特定。
SWOT分析やペルソナ設計を駆使し、データに基づいたプロダクト戦略を策定。
UI/UX設計とユーザビリティテスト:

デザインチームと協力し、Figmaを用いて直感的なUI/UXを設計。
ユーザビリティテストを通じて、プロダクトの使いやすさを検証・改善。
経験:
5年間で複数プロダクトを市場投入し、年間売上高を30%以上向上させた。
顧客フィードバックを重視した継続的なプロダクト改善を推進。"
2,2,PdM(business),"名前: 町中二郎
業界経験: テクノロジースタートアップ（SaaSプロダクト開発、データ分析ツール設計）
スキル:
プロダクトマネジメント:

SaaSプロダクトの企画、設計、ローンチをリード。API連携機能やデータダッシュボードの設計を主導。
導入企業数を1年間で50社以上に拡大。
スクラム手法を活用し、迅速な開発サイクルを実現。
データ分析:

Pythonを用いたデータクリーニングや可視化スクリプトを作成。
顧客データを分析して新機能を提案し、利用率を30%向上。
API仕様の理解:

エンジニアと連携し、外部ツールとのAPI統合を実現。
仕様書の作成やドキュメント化により、開発効率を20%以上改善。
UI/UX設計への関与:

Figmaを活用し、ユーザー視点に基づいたワイヤーフレームを設計。
ユーザーテストを実施し、ユーザー体験を向上。
経験:
3年間のプロダクト開発経験。技術スキル（Python、API知識）を活用し、エンジニアリングチームと密接に連携。
データ分析を活用したプロダクト改善プロジェクトでチームをリードし、KPIを達成。"
3,3,Sales,名前: 町中三郎 業界経験: ITソリューション営業、法人向けクラウドサービス提供 スキル: 法人営業: 大手IT企業にて、法人向けクラウドサービスの営業を5年間担当。 新規顧客開拓で年間50件以上の契約を獲得し、既存顧客の深耕を通じて顧客満足度を向上。 提案型営業スキルを活用し、顧客の課題を的確に把握し最適なソリューションを提供。 営業戦略の立案: 営業チームのリーダーとして、業務プロセスの最適化とチーム目標の設定を主導。 Salesforceを活用したデータドリブンの営業戦略を策定し、成果の向上を実現。 チーム全体で年間売上高を150%増加させるプロジェクトを成功させた。 プレゼンテーションと資料作成: PowerPointやCanvaを用いて、わかりやすく説得力のある提案資料を作成。 顧客向けプレゼンテーションでは、高い評価を獲得し、契約締結率を大幅に向上。 経験: クラウドサービス営業において、年間新規契約率60%以上を達成した実績。 10人以上の営業チームをマネジメントし、個々のパフォーマンスを最大化する施策を推進。 スキル保有者2: 初級エンジニアスキルを持つPdM 名前: 佐藤 花子 業界経験: テクノロジースタートアップ（SaaSプロダクト開発、データ分析ツール設計） スキル: プロダクトマネジメント: SaaSプロダクトの企画、設計、ローンチをリード。API連携機能やデータダッシュボードの設計を主導。 導入企業数を1年間で50社以上に拡大。 スクラム手法を活用し、迅速な開発サイクルを実現。 データ分析: Pythonを用いたデータクリーニングや可視化スクリプトを作成。 顧客データを分析して新機能を提案し、利用率を30%向上。 API仕様の理解: エンジニアと連携し、外部ツールとのAPI統合を実現。 仕様書の作成やドキュメント化により、開発効率を20%以上改善。 UI/UX設計への関与: Figmaを活用し、ユーザー視点に基づいたワイヤーフレームを設計。 ユーザーテストを実施し、ユーザー体験を向上。 経験: 3年間のプロダクト開発経験。技術スキル（Python、API知識）を活用し、エンジニアリングチームと密接に連携。 データ分析を活用したプロダクト改善プロジェクトでチームをリードし、KPIを達成。
